adam.anderson@makers.tech,password2,Adam,Anderson,gardenofadam,anderson_adam.jpg
bailey.brown@makers.tech,123456789,Bailey,Brown,deniedbailey,brown_bailey.jpg
carol.clark@makers.tech,qwerty12345,Carol,Clark,clarkcent,clark_carol.jpg
duncan.davis@makers.tech,hunter2bash,Duncan,Davis,duncandisorderly,davis_duncan.jpg
ellen.ellis@makers.tech,asdfghjkl,Ellen,Ellis,ellsbells,ellis_ellen.jpg
gordon.freeman@makers.tech,blackmesa1,Gordon,Freeman,noplsgman,freeman_gordon.jpg
hannah.hamilton@makers.tech,picture1,Hannah,Hamilton,hanham,hamilton_hannah.jpg
ian.ibsen@makers.tech,password,Ian,Ibsen,dibsonibs,ibsen_ian.jpg
joshua.jones@makers.tech,senha1995,Joshua,Jones,jayjay,jones_joshua.jpg
kelly.kennedy@makers.tech,abc123def456,Kelly,Kennedy,badluckgirl,kennedy_kelly.jpg
liam.lewis@makers.tech,million20,Liam,Lewis,bigl,lewis_liam.jpg
mavis.miller@makers.tech,0000000000,Mavis,Miller,marvelatmavis,miller_mavis.jpg
nelson.newman@makers.tech,iloveyou,Nelson,Newman,haa-haa,newman_nelson.jpg
oliver.owens@makers.tech,aaron431,Oliver,Owens,olio,owens_oliver.jpg
pamela.powell@makers.tech,covfefe45,Pamela,Powell,pampampam,powell_pamela.jpg
queenie.quartermaine@makers.tech,password1,Queenie,Quartermaine,q_q,quartermaine_queenie.jpg
robert.rogers@makers.tech,qqww1122,Robert,Rogers,thecabinboy,roger_roberts.jpg
sarah.smith@makers.tech,pokemoncatchemall,Sarah,Smith,sasparilla,smith_sarah.jpg
taylor.thompson@makers.tech,blink182,Taylor,Thompson,callmet,thompson_taylor.jpg
ulysses.upright@makers.tech,batman&robin,Ulysses,Upright,fitemirl,upright_ulysses.jpg
